,growth mean,growth std,nuc-lag mean,nuc-lag std,lifetime mean,lifetime std
10,0.5188235294117647,0.21100599378160972,1.014705882352941,2.9047726672436887,2.0588235294117645,1.0816351697882587
15,0.52,0.13133925536563698,2.1742424242424248,3.1942577898915467,5.955128205128206,3.3090977932252477
7.5,0.31090909090909086,0.12533591228810245,4.704545454545455,4.983913516444074,4.407407407407408,3.1491964485571455
12.5,0.46799999999999997,0.10410520994091559,3.616666666666666,3.3248136737135034,4.499999999999999,2.2675924035509505
20,1.2920000000000003,0.3704461429514231,1.0333333333333337,1.9919137296864566,9.63095238095238,4.840701091514229
